hwdR;posR;schAccentR_Walker;schAccentR_Buchanan
abasement;noun;0-1-0;0-1-0-0
abatement;noun;0-1-0;0-1-0-0
abdomen;noun;0-1-0;0-0-0
ablution;noun;0-1-0;1-0-0
abortiveness;noun;0-1-0-0;0-1-0-0-0
absoluteness;noun;1-0-0-0;1-0-0-0-0
abstruseness;noun;0-1-0;0-1-0-0
academian;noun;0-0-1-0-0;0-0-1-0
academist;noun;0-1-0-0 or 1-0-0-0;0-1-0-0
academy;noun;0-1-0-0 or 1-0-0-0;0-1-0-0
accend;verb;1-0;0-1
acceptableness;noun;1-0-0-0-0;0-1-0-0-0
accloy;verb;0-1;0-0
accumulator;noun;0-1-0-0-0;0-0-0-1-0
accurateness;noun;1-0-0-0;1-0-0-0-0
accustom;verb;0-1-0;0-0-0
acme;noun;1-0;1
acre;noun;1-0;1
activeness;noun;1-0-0;1-0-0-0
acuteness;noun;0-1-0;0-1-0-0
additament;noun;0-1-0-0;0-0-0-0
adminicle;noun;0-1-0-0;0-1-0
administrator;noun;1-0-0-1-0;0-0-0-1-0
administratrix;noun;1-0-0-1-0;0-0-0-1-0
advancement;noun;0-1-0;0-1-0-0
advertisement;noun;0-1-0-0-0-1-0;0-1-0-0-0
aerie;noun;1-0;0-1-0
aerology;noun;0-0-1-0-0;0-1-0-0
aeromancy;noun;1-0-0-0-0;1-0-0-0
aerometry;noun;0-0-1-0-0;0-1-0-0
aeroscopy;noun;0-0-1-0-0;0-1-0-0
afternoon;noun;1-0-1;1-0-0
agreeableness;noun;0-1-0-0-0;0-0-0-0
alabaster;noun;1-0-0-0;0-0-1-0
alcoran;noun;1-0-0;0-0-0
alcove;noun;0-1;1-0
alebrewer;noun;1-0-0;1-0-0-0
aleconner;noun;1-0-0;1-0-0-0
alien;noun;1-0;0-0
allegorize;verb;1-0-0-0;0-0-0-1
allodium;noun;0-1-0-0;0-1-0
allurement;noun;0-1-0;0-1-0-0
aludel;noun;1-0-0;0-1-0
amazement;noun;0-1-0;0-1-0-0
amercement;noun;0-1-0;0-1-0-0
amiableness;noun;1-0-0-0-0;1-0-0-0
amortizement;noun;0-1-0-0;0-1-0-0-0
amusement;noun;0-1-0;0-1-0-0
anastrophe;noun;0-1-0-0;0-1-0
anchovy;noun;0-1-0;1-0-0
anemoscope;noun;0-1-0-0;1-0-0-0
anguish;noun;1-0;1-0-0
antepenult;noun;0-0-0-1;1-0-0-0
anthropology;noun;1-0-1-0-0;0-0-1-0-0
anthropophagi;noun;1-0-1-0-0;0-0-1-0-0
anthropophagy;noun;1-0-1-0-0;0-0-1-0-0
anticipation;noun;1-0-0-1-0;0-0-0-1-0
antiqueness;noun;0-1-0;1-0-0
antistrophe;noun;0-1-0-0;0-1-0
aphelion;noun;0-1-0-0;0-1-0
apophthegm;noun;1-0-0;0-0-0
apostle;noun;0-1-0;0-1
apostrophe;noun;0-1-0-0;0-1-0
apostume;noun;1-0-0;0-1-0
apple;noun;1-0;1
apply;verb;0-1;0-0
appositeness;noun;1-0-0-0;1-0-0-0-0
appraiser;noun;0-1-0;0-0-0
apprenticeship;noun;0-1-0-0;0-1-0-0-0
arbitrator;noun;1-0-0-0;0-0-1-0
arbute;noun;0-1;1-0
architecture;noun;1-0-0-0;0-0-1-0
archives;noun;1-0;1-0-0
arduousness;noun;1-0-0-0;0-0-0-0
aridity;noun;0-1-0-0;1-0-0-0
aromatize;verb;1-0-0-0;0-0-0-1
arraignment;noun;0-1-0;1-0-0
arrangement;noun;0-1-0;0-1-0-0
assayer;noun;0-1-0;0-0-0
assemble;verb;0-1-0;0-1
assets;noun;1-0;0-1
asylum;noun;0-1-0;1-0-0
asymptote;noun;1-0-0;0-1-0
atonement;noun;0-1-0;0-1-0-0
atticism;noun;1-0-0;0-1-0
audience;noun;1-0-0;1-0
averseness;noun;0-1-0;0-1-0-0
avowry;noun;0-1-0;0-0-0
auricle;noun;1-0-0;1-0
awfulness;noun;1-0-0;0-0-0
axiom;noun;1-0;1-0-0
baboon;noun;0-1;1-0
balcony;noun;0-1-0;1-0-0
barker;noun;1-0;0-0
barnacle;noun;1-0-0;1-0
barrier;noun;1-0-0;0-1
baseness;noun;1-0;1-0-0
bawble;noun;1-0;1
beadle;noun;1-0;1
beagle;noun;1-0;1
beatitude;noun;0-1-0-0;0-1-0-0-0
bedaggle;verb;0-1-0;0-1
beetle;noun;1-0;1
behaviour;noun;0-1-0;0-1-0-0
belay;verb;0-1;0-0
berlin;noun;0-1;1-0
bespangle;verb;0-1-0;0-1
bespeckle;verb;0-1-0;0-1
besprinkle;verb;0-1-0;0-1
bestiality;noun;0-0-1-0-0;0-1-0-0
betray;verb;0-1;0-0
betrayer;noun;0-1-0;0-0-0
bewray;verb;0-1;0-0
bewrayer;noun;0-1-0;0-0-0
bilboes;noun;1-0;0-0
bonelace;noun;0-1;1-0-0
bracelet;noun;1-0;1-0-0
brachygraphy;noun;0-1-0-0;1-0-0-0
braggadocio;noun;0-0-1-0-0;0-0-1-0
bramble;noun;1-0;1
breviary;noun;1-0-0;1-0-0-0
buffet;noun;1-0;0-1
buffoonery;noun;0-1-0-0;0-1-0
bugle;noun;1-0;1
bugle;noun;1-0;1
burgamot;noun;0-0-1;1-0-0
business;noun;1-0;1-0-0
cable;noun;1-0;1
cachexy;noun;1-0-0;0-1-0
cacochymy;noun;1-0-0-0;0-1-0-0
cadet;noun;0-1;1-0
cadi;noun;1-0;0-1
calcine;verb;0-1;1-0
candle;noun;1-0;1
canonize;verb;1-0-0;0-0-1
caprice;noun;0-1-0;0-1
captivity;noun;0-1-0-0;1-0-0-0
caravan;noun;0-0-1;1-0-0
caraway;noun;1-0-0;1-0
carbuncle;noun;1-0-0;1-0
carmine;noun;0-1;1-0
carnation;noun;0-1-0;1-0-0
carrier;noun;1-0-0;0-0-0
cartel;noun;0-1;1-0
casement;noun;1-0;1-0-0
casualty;noun;1-0-0-0;1-0-0
catarrh;noun;0-1;1-0
catastrophe;noun;0-1-0-0;0-1-0
category;noun;1-0-0-0;0-0-0-0
cattle;noun;1-0;1
cavalcade;noun;1-0-1;0-0-1
caudle;noun;1-0;1
cession;noun;1-0;0-0
champaign;noun;1-0;0-1
champion;noun;1-0-0;1-0
chancre;noun;1-0;1
changeling;noun;1-0;1-0-0
characterize;verb;1-0-0-0;0-0-0-1
chariot;noun;1-0-0;1-0
charioteer;noun;0-0-0-1;0-0-1
chastisement;noun;1-0-0;0-1-0-0
chersonese;noun;1-0-0;0-0-1
chiliaedron;noun;0-0-0-1-0;0-0-1-0-0
china;noun;1-1-0;1-0
chirurgeon;noun;0-1-0-0;0-1-0
chives;noun;0;0-0
choler;noun;1-0;0-0
chooser;noun;1-0;0-0
christianity;noun;0-0-1-0-0;0-1-0-0
chrysolite;noun;1-0-0;0-0-0
chuckle;verb;1-0;1
cingle;noun;1-0;1
circle;noun;1-0;1
circumcise;verb;1-0-0;0-0-1
circumference;noun;0-1-0-0;0-0-0-0
circumstantiate;verb;0-0-1-0-0;0-0-1-0
civilize;verb;1-0-0;0-0-1
civilizer;noun;1-0-0-0;0-0-1-0
claret;noun;1-0;0-0
clarion;noun;1-0;1-0-0
clothes;noun;0;0-0
clothier;noun;1-0;1-0-0
coagulator;noun;0-1-0-0-0;0-0-0-1-0
coalition;noun;0-0-1-0;0-1-0-0
coarseness;noun;1-0;0-0-0
cobble;verb;1-0;1
cochineal;noun;1-0-0;0-0-1
codle;verb;1-0;1
coefficient;noun;0-0-1-0;0-1-0-0
coequality;noun;0-0-1-0-0;0-1-0-0-0
coeternity;noun;0-0-1-0-0;0-1-0-0-0
coexistence;noun;0-0-1-0;0-1-0-0
coextension;noun;0-0-1-0;0-1-0-0
cognizance;noun;1-0-1-0-0;1-0-0
cohabitation;noun;0-0-0-1-0;0-1-0-0-0
collegian;noun;0-1-0-0;0-1-0
colloquy;noun;1-0-0;
collyrium;noun;0-1-0-0;0-0-0-0
colonel;noun;1-0;1-0-0
colures;noun;0-1;1-0-0
comedian;noun;0-1-0-0;0-1-0
communication;noun;0-0-0-1-0;0-0-0-0-0
communion;noun;0-1-0;0-1-0-0
compilement;noun;0-1-0;0-1-0-0
conchoid;noun;1-0;1-0-0
conciliate;verb;0-1-0;0-1-0-0
conciseness;noun;0-1-0;0-1-0-0
condisciple;noun;0-0-1-0;0-0-1
confessor;noun;1-0-0;0-1-0
confinement;noun;0-1-0;0-1-0-0
confront;verb;0-1;0-0
congeries;noun;0-1-0-0;0-1-0
conglutinator;noun;0-1-0-0-0;0-0-0-1-0
conjurement;noun;0-1-0;0-1-0-0
conquer;verb;1-1-0;1-0
consistory;noun;1-0-0-0;0-1-0-0
consociate;verb;0-1-0-0;0-1-0
constable;noun;1-0-0;1-0
construe;verb;1-1-0;1-0
constuprate;verb;1-0-0;0-1-0
consult;noun;1-0-1;1-0
contagion;noun;0-1-0-0;0-1-0
context;noun;1-0;0-1
convenience;noun;0-1-0-0-0;0-1-0
conventicle;noun;0-1-0-0;0-1-0
convoy;verb;0-1;0-1-0
convoy;noun;1-0;1-0-0
cookery;noun;1-0-0;1-0
co-operation;noun;0-0-0-1-0;
co-operator;noun;0-1-0-0-0;
co-ordination;noun;0-0-0-1-0;
coquetry;noun;0-1-0;1-0-0
coquette;noun;0-1;1-0
coracle;noun;1-0-0;1-0
cordiality;noun;0-0-1-0-0;0-1-0-0
corpuscle;noun;1-0-0;0-1
corridor;noun;0-0-1;1-0-0
corrosiveness;noun;0-1-0-0;0-1-0-0-0
corsair;noun;1-0;0-1
costiveness;noun;1-0-0;1-0-0-0
covenanter;noun;1-0-0-0;0-0-1-0
countermure;noun;1-0-0;0-0-1
courier;noun;0-1;1-0-0
coyness;noun;1-0;1-0-0
crankle;verb;1-0;1
creature;noun;1-0;0-0
crosier;noun;1-0-0;1-0
crucible;noun;1-0-0;1-0
cruiser;noun;1-0;0-0
crumble;verb;1-0;1
cuirassier;noun;0-0-1;0-1-0
cultivator;noun;1-0-0-0;0-0-1-0
curableness;noun;1-0-0-0;0-0-0-0
curator;noun;0-1-0;1-0-0
curdle;verb;1-0;1
cushion;noun;1-1-0;1-0
cuticle;noun;1-0-0;1-0
cuttle;noun;1-0;1
cuttle;noun;1-0;1
cycle;noun;1-0;1
cycloid;noun;1-0;1-0-0
dabble;verb;1-0;1
daggle;verb;1-0;1
dalliance;noun;1-0-0;1-0
dandle;verb;1-0;1
dazzle;verb;1-0;0
deanery;noun;1-0-0;1-0
debasement;noun;0-1-0;0-1-0-0
debauchery;noun;0-1-0-0;0-1-0
december;noun;0-1-0;0-0-0
decisiveness;noun;0-1-0-0;0-1-0-0-0
declamator;noun;0-0-1-0;0-1-0-0
decumbiture;noun;0-1-0-0;0-0-0-0
dedicator;noun;1-0-0-0;0-0-1-0
deducement;noun;0-1-0;0-1-0-0
deepen;verb;1-0;0-0
defectiveness;noun;0-1-0-0;0-1-0-0-0
defilement;noun;0-1-0;0-1-0-0
deject;verb;0-1;1-1
deliberateness;noun;0-1-0-0-0;0-1-0-0-0-0
delineate;verb;0-1-0-0;0-1-0
denier;noun;0-1-0;0-1
denier;noun;0-1;0-1-0
denigrate;verb;1-0-0-1-0;1-0-0
denominator;noun;0-1-0-0-0;0-0-0-1-0
deodand;noun;1-0-0;0-1-0
depravedness;noun;0-1-0;0-1-0-0
depravement;noun;0-1-0;0-1-0-0
depreciate;verb;0-1-0-0;0-1-0
desert;noun;1-0;0-1
desiccate;verb;0-1-0;1-0-0
desperateness;noun;1-0-0-0;1-0-0-0-0
desuetude;noun;1-0-0;0-1-0
diacodium;noun;0-0-1-0-0;0-0-1-0
diacoustics;noun;0-0-1-0;0-0-0-0
diagram;noun;1-0-0;0-0-1-0
dial;noun;1-0;1-0-0
dialect;noun;1-0-0;0-0-1-0
diamond;noun;1-0-0;1-0
dibble;noun;1-0;1
diffusiveness;noun;0-1-0-0;0-1-0-0-0
dingle;noun;1-0;1
diocesan;noun;0-1-0-0;0-0-1-0
disable;verb;0-1-0;0-1
disagreeableness;noun;0-0-1-0-0-0;0-0-1-0-0
disbursement;noun;0-1-0;0-1-0-0
disciple;noun;0-1-0;0-1
disentangle;verb;0-0-1-0;0-0-1
dismantle;verb;0-1-0;0-1
dismount;verb;0-1;0-0
disobedience;noun;0-0-1-0-0;0-0-1-0
disoblige;verb;0-0-1-0-1;0-0-1
disparagement;noun;0-1-0-0;0-1-0-0-0
dispeople;verb;0-1-0;0-1
dissemble;verb;0-1-0;0-1
dissembler;noun;0-1-0;0-0-0
disseminate;verb;0-1-0-0;0-0-0-0
disservice;noun;0-1-0;0-0-0
dissimilitude;noun;0-0-1-0-0;0-1-0-0-0
dissociate;verb;0-1-0-0;0-1-0
dissyllable;noun;1-0-0-0;0-1-0
district;noun;1-0;0-1
disunion;noun;0-1-0-0;0-1-0
divan;noun;0-1;1-0
divertisement;noun;0-1-0-0;0-1-0-0-0
divineness;noun;0-1-0;0-1-0-0
divorcement;noun;0-1-0;0-1-0-0
doodle;noun;1-0;1
doubler;noun;1-0-0;1-0
doublet;noun;1-0-0;1-0
doublon;noun;0-0-1;0-1
draggle;verb;1-0;1
drama;noun;1-1-0;1-0
dribble;verb;1-0;1
drizzle;verb;1-0;1
drummer;noun;1-0;0-0
dukedom;noun;1-0;1-0-0
durableness;noun;1-0-0-0;0-0-0-0
eagle;noun;1-0;1
earldom;noun;1-0;0-0
ecchymosis;noun;0-0-1-0;0-1-0-0
echinus;noun;0-1-0;1-0-0
effort;noun;1-0;0-1
effossion;noun;0-1-0;0-0-0
electre;noun;0-1-0;0-1
electre;noun;0-1-0;0-1
elevator;noun;1-0-0-0;0-0-1-0
elopement;noun;0-1-0;0-1-0-0
elucidator;noun;0-1-0-0-0;0-0-0-1-0
elves;noun;0;0-0
elysium;noun;0-1-0-0;0-1-0
emaciate;verb;0-1-0-0;0-1-0
embassy;noun;0-1-0;1-0-0
embattle;verb;0-1-0;0-1
enable;verb;0-1-0;0-1
enallage;noun;0-1-0-0;0-1-0
enchantress;noun;0-1-0;0-0-0
encircle;verb;0-1-0;0-1
encomiast;noun;0-1-0-0;0-1-0
encomium;noun;0-1-0-0;0-1-0
endive;noun;1-0;0-1
endorsement;noun;0-1-0;0-1-0-0
enfeeble;verb;0-1-0;0-1
enforcement;noun;0-1-0;0-1-0-0
enfranchisement;noun;0-1-0-0;0-0-1-0
engagement;noun;0-1-0;0-1-0-0
enhancement;noun;0-1-0;0-1-0-0
enlargement;noun;0-1-0;0-1-0-0
ennoble;verb;0-1-0;0-1
enslavement;noun;0-1-0;0-1-0-0
entangle;verb;0-1-0;0-1
enticement;noun;0-1-0;0-1-0-0
entireness;noun;0-1-0;0-1-0-0
entitle;verb;0-1-0;0-1
environs;noun;0-0-1-1-0;0-1-0
ephod;noun;1-1-0;1-0
epicycle;noun;1-0-0-0;1-0-0
epicycloid;noun;0-0-1-0;0-0-1-0-0
epiphonema;noun;0-0-0-1-0;0-0-1-0-0
epistle;noun;0-1-0;0-1
epitome;noun;0-1-0-0;0-1-0
epode;noun;1-1-0;1-0
erasement;noun;0-1-0;0-1-0-0
eschalot;noun;0-1;0-0-1
escuage;noun;1-0-0;0-1-0
espy;verb;0-1;1-0
estrangement;noun;0-1-0;0-1-0-0
estrepement;noun;0-1-0;0-1-0-0
eternize;verb;0-1-0;0-0-1
eucharist;noun;1-0-0;0-0-0
example;noun;0-1-0;0-1
excellency;noun;1-0-0-0;0-1-0-0
excruciate;verb;0-1-0-0;0-1-0
exemplariness;noun;1-0-0-0-0;0-1-0-0-0
exequies;noun;1-0-0;0-0-0
exhalement;noun;0-1-0;0-1-0-0
exilement;noun;0-1-0;0-1-0-0
exit;noun;1-0;0-1
expediency;noun;0-1-0-0-0;0-1-0-0
expensiveness;noun;0-1-0-0;0-1-0-0-0
explorement;noun;0-1-0;0-1-0-0
expressiveness;noun;0-1-0-0;0-1-0-0-0
extensiveness;noun;0-1-0-0;0-1-0-0-0
extraordinariness;noun;0-1-0-0-0-0;0-0-1-0-0-0-0
exultation;noun;0-0-1-0;0-1-0-0
falseness;noun;1-0;1-0-0
familiarity;noun;0-0-0-1-0-0;0-0-1-0-0
fascine;noun;0-1;1-0
fashionableness;noun;1-0-0-0-0;1-0-0-0
fatner;noun;1-0-0;1-0
fatuity;noun;0-1-0-0;1-1-0-0
fealty;noun;1-0-0;1-0
feebleness;noun;1-0-0;1-0
fertileness;noun;1-0-0;1-0-0-0
festivity;noun;0-1-0-0;1-0-0-0
fibre;noun;1-0;1
fiddler;noun;1-0-0;1-0
fiduciary;noun;0-1-0-0-0;0-1-0-0
fierceness;noun;1-1-0;1-0
fieriness;noun;1-0-0-0;1-0-0
fineness;noun;1-0;1-0-0
firebrand;noun;1-0;1-0-0
firelock;noun;1-0;1-0-0
fives;noun;0;0-0
foetus;noun;1-0;0-0
foible;noun;1-0;0
foliage;noun;1-0-0;1-0
foliate;verb;1-0-0;1-0
folio;noun;1-0-0;1-0
follicle;noun;1-0-0;1-0
fondle;verb;1-0;1
foolery;noun;1-0-0;1-0
forecast;verb;0-1;0-0-1
forecast;noun;1-0;1-0-0
foreclose;verb;0-1;0-0-1
forego;verb;0-1;0-0-1
forehand;noun;1-0;1-0-0
foreknow;verb;0-1;0-0-1
foreknowledge;noun;0-1-0;0-0-1-0
foreland;noun;1-0;1-0-0
forerunner;noun;0-1-0;0-0-1-0
foretaste;noun;1-0;1-0-0
foretell;verb;0-1;0-0-1
foretop;noun;1-0;1-0-0
forewarn;verb;0-1;0-0-1
forgiveness;noun;0-1-0;0-1-0-0
formidableness;noun;1-0-0-0-0;1-0-0-0
fornicator;noun;1-0-0-0;0-0-1-0
frankincense;noun;1-0-0;0-1-0
freckle;noun;1-0;1
fribbler;noun;1-0-0;1-0
frizle;verb;1-0;1
frizler;noun;1-0-0;1-0
frontier;noun;1-1-0;1-0
frugality;noun;0-1-0-0;1-0-0-0
fulsomeness;noun;1-0-0;1-0-0-0
fumbler;noun;1-0-0;1-0
fumigation;noun;0-0-1-0;1-0-0-0
fusee;noun;0-1;1-0
gabbler;noun;1-0-0;1-0
gable;noun;1-0;1
galiot;noun;1-0;1-0-0
gambler;noun;1-0-0;1-0
gamesomeness;noun;1-0-0;1-0-0-0-0
gamester;noun;1-0;1-0-0
garbler;noun;1-0-0;1-0
gayness;noun;1-0;0-0
generator;noun;1-0-0-0;0-0-1-0
geometrician;noun;0-0-0-1-0;0-0-1-0-0
geometry;noun;0-1-0-0;1-0-0
germander;noun;0-1-0;1-0-0
giggler;noun;1-0-0;1-0
giglet;noun;1-0-0;1-0
glacis;noun;1-0-1;1-0
glimpse;noun;0;1
gobble;verb;1-0;1
gobbler;noun;1-0-0;1-0
godliness;noun;1-0-0;0-0-0
grabble;verb;1-0;1
gracefulness;noun;1-0-0;1-0-0-0
grantee;noun;0-1;1-0
grantor;noun;0-1;1-0
graveness;noun;1-0;1-0-0
greatness;noun;1-0;0-0
gristle;noun;1-0;1
grizzle;noun;1-0;1
grumbler;noun;1-0-0;1-0
grumbling;noun;1-0-0;1-0
guttle;verb;1-0;1
guzzle;verb;1-0;1
guzzler;noun;1-0-0;1-0
habergeon;noun;0-1-0-0;0-1-0
hackle;verb;1-0;1
haggle;verb;1-0;1
haggler;noun;1-0-0;1-0
halloo;verb;0-1;1-0
handsomeness;noun;1-0-0;1-0-0-0
harmoniousness;noun;0-1-0-0-0;0-1-0-0
hegira;noun;0-1-1-0-0;1-0-0
heighten;verb;1-0;0-0
hereditament;noun;0-0-1-0-0;0-1-0-0-0
heresiarch;noun;0-1-0-0;1-0-0-0
hideousness;noun;1-0-0-0;1-0-0
hierarch;noun;1-0-0;1-0
hierarchy;noun;1-0-0-0;1-0-0
hierography;noun;0-0-1-0-0;0-1-0-0
hireling;noun;1-0;1-0-0
hobble;noun;1-0;1
hocus-pocus;noun;1-0-1-0;
hodge-podge;noun;1-0;
homeliness;noun;1-0-0;1-0-0-0
horology;noun;0-1-0-0;1-0-0-0
hugeness;noun;1-0;1-0-0
humbler;noun;1-0-0;1-0
hurdle;noun;1-0;1
hyacinth;noun;1-0-0;
hyena;noun;0-1-0;1-0-0
hypallage;noun;0-1-0-0;0-1-0
hyperbole;noun;0-1-0-0;0-1-0
hypothesis;noun;0-1-0-0-1-0-0;0-1-0-0
icicle;noun;1-0-0;1-0
ides;noun;0;0-0
idiom;noun;1-0-0;1-0
idiot;noun;1-0-0;1-0
idiotism;noun;1-0-0-0;1-0-0
idler;noun;1-0-0;1-0
ignite;verb;0-1;1-0
illiterateness;noun;0-1-0-0-0;0-1-0-0-0-0
imitator;noun;1-0-0-0;0-0-1-0
immateriality;noun;0-0-0-0-1-0-0;0-0-1-0-0-0
imperialist;noun;0-1-0-0-0;0-1-0-0
importance;noun;0-1-0-1-0;0-1-0
improvement;noun;0-1-0;0-1-0-0
impurple;verb;0-1-0;0-1
incendiary;noun;0-1-0-0-0-1-0-0-0;0-1-0-0
incense;verb;1-0;0-1
incensory;noun;1-0-0-0;0-1-0-0
incitement;noun;0-1-0;0-1-0-0
inconveniency;noun;0-0-1-0-0-0;0-0-1-0-0
indian;noun;1-0-1-0-1-0;1-0
indraught;noun;1-0;0-1
inducement;noun;0-1-0;0-1-0-0
inexpediency;noun;0-0-1-0-0-0;0-0-1-0-0
inexperience;noun;0-0-1-0-0;0-0-1-0
infiniteness;noun;1-0-0-0;1-0-0-0-0
infoliate;verb;0-1-0-0;0-1-0
infringement;noun;0-1-0;0-1-0-0
ingeniousness;noun;0-1-0-0-0;0-1-0-0
ingratiate;verb;0-1-0-0;0-1-0
inhabitation;noun;0-0-0-1-0;0-1-0-0-0
initiate;verb;0-1-0-0;0-1-0
inkle;noun;1-0;1
innovator;noun;1-0-0-0;0-0-1-0
inoculator;noun;0-1-0-0-0;0-0-0-1-0
insatiableness;noun;0-1-0-0-0-0;0-1-0-0
insect;noun;1-0;1-1
insitiency;noun;0-1-0-0-0;0-1-0-0
instate;verb;0-1;1-1
instigator;noun;1-0-0-0;0-0-1-0
instillation;noun;0-0-1-0;0-0-0-0
institutist;noun;1-0-0-0;0-0-1-0
intaglio;noun;0-1-0;0-1-0-0
intelligencer;noun;0-1-0-0-0;0-0-0-1-0
intelligibleness;noun;0-1-0-0-0-0;0-1-0-0-0
intenseness;noun;0-1-0;0-1-0-0
interdict;noun;1-0-0;0-0-0
interest;verb;1-0-0;0-0-1
intermeddler;noun;0-0-1-0-0;0-0-1-0
intermediacy;noun;0-0-1-0-0-0-0-1-0-0-0;0-0-1-0-0
intermingle;verb;0-0-1-0;0-0-1
interpolator;noun;0-1-0-0-0;0-0-0-1-0
interrogator;noun;0-1-0-0-0;0-0-0-1-0
interstice;noun;1-0-0-1-0;0-1-0
intireness;noun;0-1-0;0-1-0-0
intricateness;noun;1-0-0-0;1-0-0-0-0
intromit;verb;0-0-1;1-0-0
inveigle;verb;0-1-0;0-1
inveigler;noun;0-1-0-0;0-1-0
inveterateness;noun;0-1-0-0-0;0-1-0-0-0-0
invoice;noun;1-0;1-0-0
inurement;noun;0-1-0;0-1-0-0
irksomeness;noun;1-0-0;1-0-0-0
irradiancy;noun;0-1-0-0-0;0-1-0-0
irradiate;verb;0-1-0-0;0-1-0
isicle;noun;1-0-0;1-0
jackanapes;noun;1-0-0;1-0-0-0
jakes;noun;0;0-0
jangler;noun;1-0-0;1-0
javelin;noun;1-0;1-0-0
jolthead;noun;1-0;0-0
jonquille;noun;0-1;1-0
jostle;verb;1-0;1
juggler;noun;1-0-0;1-0
july;noun;0-1;1-0
jurisprudence;noun;0-0-1-0;0-1-0-0
justiceship;noun;1-0-0;1-0-0-0
justle;verb;1-0;1
juxtaposition;noun;0-0-0-1-0;1-0-0-0-0
keckle;verb;1-0;1
kettle;noun;1-0;1
keyhole;noun;1-0;0-1
kidnap;verb;1-0;0-1
kidnapper;noun;1-0-0;0-1-0
kindle;verb;1-0;1
knowledge;noun;1-1-0;1-0
knuckle;noun;1-0;1
laboriousness;noun;0-1-0-0-0;0-1-0-0
ladle;noun;1-0;1
lameness;noun;1-0;1-0-0
largeness;noun;1-0;1-0-0
latitudinarian;noun;0-0-0-0-1-0-0;0-0-0-0-1-0
laudableness;noun;1-0-0-0;1-0-0
laxativeness;noun;1-0-0-0;1-0-0-0-0
leaves;noun;0;1
lectureship;noun;1-0-0;1-0-0-0
legator;noun;0-0-1;0-1-0
legerdemain;noun;0-0-0-1;1-0-0-0
legislator;noun;1-0-0-0;0-0-1-0
legislature;noun;1-0-0-0;0-0-1-0
lentigo;noun;0-1-0;1-0-0
lethe;noun;1-0;1
levator;noun;0-1-0;1-0-0
librarian;noun;0-1-0-0;0-1-0
lientery;noun;1-0-0-0;0-1-0-0
lightning;noun;1-0;0-0
likeness;noun;1-0;1-0-0
limekiln;noun;1-0;1-0-0
lineage;noun;1-0-0;1-0
lineament;noun;1-0-0-0;1-0-0
liplabour;noun;1-0-0;0-1-0
livre;noun;1-0;1
loathe;verb;0;1
loneliness;noun;1-0-0;1-0-0-0
loneness;noun;1-0;1-0-0
loose;noun;0;0-0
loveliness;noun;1-0-0;1-0-0-0
lucre;noun;1-0;1
ludicrousness;noun;1-0-0-0;0-1-0-0
lukewarmness;noun;1-0-0;1-0-0-0
lustre;noun;1-0;1
lustring;noun;1-0;0-0
machinist;noun;0-1-0;1-0-0
magnifico;noun;0-1-0-0;1-0-0-0
maidmarian;noun;0-1-0;0-1-0-0
maintop;noun;0-1;1-0
makebate;noun;1-0;1-0-0
malanders;noun;1-0-0;0-1-0
malepractice;noun;0-1-0;0-0-1-0
malleability;noun;0-0-0-1-0-0;0-0-1-0-0
malleableness;noun;1-0-0-0-0;1-0-0
malleate;verb;1-0-0;1-0
manageableness;noun;1-0-0-0-0;1-0-0-0
management;noun;1-0-0;1-0-0-0
manciple;noun;1-0-0;1-0
mandible;noun;1-0-0;1-0
mangler;noun;1-0-0;1-0
maniple;noun;1-0-0;1-0
manslaughter;noun;1-0-0;0-1-0
manslayer;noun;1-0-0;0-1-0
mantua;noun;1-0-0;1-0
manumise;verb;1-0-0;0-0-1
manurement;noun;0-1-0;0-1-0-0
maple-tree;noun;1-0-0;
maranatha;noun;0-0-1-0;1-0-0-0
marlinespike;noun;1-0-0;1-0-0-0
marmoset;noun;0-0-1;1-0-0
martinet;noun;0-0-1;1-0-0
martinmas;noun;1-0-0;0-1-0
masculineness;noun;1-0-0-0;1-0-0-0-0
matadore;noun;0-0-1;1-0-0
materiality;noun;0-0-0-1-0-0;0-1-0-0-0-0
matriculation;noun;0-0-0-1-0;0-1-0-0-0
maunder;verb;1-0;0-0
maundy-thursday;noun;1-1-0-0-0;
mausoleum;noun;0-0-1-0;0-1-0-0
maw-worm;noun;1-0;
mayoralty;noun;1-0-0-0;1-0-0
mayoress;noun;1-0-0;1-0
measurableness;noun;1-0-0-0-0;1-0-0-0
meat;noun;0;1
medallist;noun;1-0-0;0-1-0
meddler;noun;1-0-0;1-0
mediate;verb;1-0-0;1-0
mediocrity;noun;0-0-1-0-0-0-1-0-0;0-0-1-0-0
medium;noun;1-0-1-0-0;1-0
meliorate;verb;1-0-0-0;0-1-0
melioration;noun;0-0-0-1-0;0-0-1-0
meliority;noun;0-0-1-0-0;0-1-0-0
melodiousness;noun;0-1-0-0-0;0-1-0-0
memoir;noun;0-1-0;0-1
memorial;noun;0-1-0-0;0-1-0
memorialist;noun;0-1-0-0-0;0-1-0-0
memorize;verb;1-0-0;0-0-1
meridian;noun;0-1-0-0-1-0-0;0-1-0
meritoriousness;noun;0-0-1-0-0-0;0-0-1-0-0
metallography;noun;0-0-1-0-0;1-0-0-0-0
metallurgist;noun;1-0-0-0;0-1-0-0
metallurgy;noun;1-0-0-0;0-1-0-0
metaphrase;noun;1-0-0;0-0-1
metaphrast;noun;1-0-0;0-0-1
meteor;noun;1-0-1-0-0;1-0-0
metonymy;noun;0-1-0-1-0-0-0;0-1-0-0
metre;noun;1-0;1
mettle;noun;1-0;1
mezzotinto;noun;0-0-1-0;1-0-0-0
michaelmas;noun;1-0-0;0-1-0
microcosm;noun;1-0-0;0-0-1
micrography;noun;0-1-0-0;1-0-0-0
mid-sea;noun;1-0;
midwifery;noun;1-0-0;1-0-0-0
milestone;noun;1-0;1-0-0
millenarian;noun;0-0-1-0-0;0-0-1-0
millennium;noun;0-1-0-0;0-1-0
millepedes;noun;1-0-0-1-0-0;0-1-0-0
mimicry;noun;1-0-0;0-0-0
mingler;noun;1-0-0;1-0
miniature;noun;1-0-0;1-0-0-0
minuteness;noun;0-1-0;0-1-0-0
miracle;noun;1-0-0;1-0
misbehaviour;noun;0-0-1-0;0-0-1-0-0
miscellaneousness;noun;0-0-1-0-0-0;0-0-1-0-0
mislive;verb;0-1;1-0
mistletoe;noun;1-0-0;0-0-1
mitre;noun;1-0;1
moble;verb;1-0;1
mocho-stone;noun;1-0-0;
moderateness;noun;1-0-0-0;1-0-0-0-0
modulate;verb;1-0-1-0-0;1-0-0
modulation;noun;0-0-1-0-0-1-0;0-0-1-0
modulator;noun;1-0-0-1-0-0-0;1-0-0-0
module;noun;1-1-0;1-0
moidore;noun;0-1;1-0
molecast;noun;1-0;1-0-0
molecatcher;noun;1-0-0;1-0-0-0
molehill;noun;1-0;1-0-0
molewarp;noun;1-0;1-0-0
monastery;noun;1-0-1-0-0-0;1-0-0-0
moneyscrivener;noun;1-0-0-0;1-0-0-0-0
monomachy;noun;0-1-0-0;1-0-0-0
monoptote;noun;1-0-0-1-0;0-1-0
monostich;noun;1-0-0;0-1-0
monosyllable;noun;1-0-0-0-0;0-0-1-0
moonfern;noun;1-0;0-1
morion;noun;1-0-0;1-0
moroseness;noun;0-1-0;0-1-0-0
mortgager;noun;0-0-1;1-0-0
moveables;noun;1-0-0;1-0
moveableness;noun;1-0-0-0;1-0-0
movement;noun;1-0;1-0-0
moyle;noun;0;1
muddle;verb;1-0;1
mudwall;noun;1-0;0-1
muffle;verb;1-0;1
muffler;noun;1-0-0;1-0
muleteer;noun;1-0-1;0-0-1
mulligrubs;noun;1-0-0;0-1-0
multipede;noun;1-0-0;0-0-1
multiple;noun;1-0-0;1-0
multipliableness;noun;1-0-0-0-0-0;0-0-0-0-0
multiplier;noun;1-0-0-0;0-0-1-0
mumble;verb;1-0;1
mumbler;noun;1-0-0;1-0
murrion;noun;1-0-0;1-0
muscle;noun;1-0;1
museum;noun;0-1-0;1-0-0
musician;noun;0-1-0;1-0-0
muskiness;noun;1-0-0;0-0-0
muskmelon;noun;1-0-0;0-1-0
muskpear;noun;1-0;0-0
muttonfist;noun;1-0-0;0-0-1
myrobalan;noun;0-1-0-0-1-0-0;0-1-0-0
myropolist;noun;0-1-0-0-1-0-0;0-1-0-0
myrtle;noun;1-0;1
mystagogue;noun;1-0-0;0-0-1
mysteriousness;noun;0-1-0-0-0;0-1-0-0
namesake;noun;1-0;1-0-0
nativeness;noun;1-0-0;1-0-0-0
nativity;noun;0-1-0-0;1-0-0-0
navigator;noun;1-0-0-0;0-0-1-0
nauseate;verb;1-0-0;1-0
needle;noun;1-0;1
negotiator;noun;0-1-0-0-0;0-0-0-1-0
neophyte;noun;1-0-0;0-1-0
nepenthe;noun;0-1-0;1-0
nescience;noun;1-0-0;1-0
nestle;verb;1-0;1
neurology;noun;0-1-0-0;1-0-0-0
neurotomy;noun;0-1-0-0;1-0-0-0
nibble;verb;1-0;1
nibbler;noun;1-0-0;1-0
niceness;noun;1-0;1-0-0
nickname;noun;1-0;0-1
nightbrawler;noun;1-0-0;0-1-0
nightraven;noun;0-1-0;1-0-0
ninepins;noun;1-0;1-0-0
nipple;noun;1-0;1
nitre;noun;1-0;1
nobless;noun;0-1;1-0
noddle;noun;1-0;1
nonjuror;noun;1-0-0;0-1-0
nonresidence;noun;0-1-0-0;1-1-0-0
noodle;noun;1-0;1
nosle;noun;1-0;1
nosology;noun;0-1-0-0;1-0-0-0
notoriousness;noun;0-1-0-0-0;0-1-0-0
novitiate;noun;0-1-0-0;1-0-0
nozle;noun;1-0;1
numerator;noun;1-0-0-0;0-0-1-0
nuncio;noun;1-0-0;1-0
nuzzle;verb;1-0;1
oakapple;noun;1-0-0;0-1
oatcake;noun;1-0;0-1
oatmeal;noun;1-1-0;1-0
obduracy;noun;1-0-0-0-1-0-0;0-1-0-0
obdurateness;noun;1-0-0-0;0-1-0-0-0
obedience;noun;0-1-0-0;0-1-0
oblige;verb;0-1-1;0-1
oblige;verb;0-1-1;0-1
obligement;noun;0-1-0-1-0;0-1-0-0
obliger;noun;0-1-0-1-0;0-1-0
obligingness;noun;0-1-0-0-1-0-0;0-1-0-0
oblivion;noun;0-1-0-0;0-1-0
oblongness;noun;1-0-0;0-1-0
obnubilate;verb;0-1-0-0;1-0-0-0
obsoleteness;noun;1-0-0-0;1-0-0-0-0
obstacle;noun;1-0-0;1-0
obstinateness;noun;1-0-0-0;1-0-0-0-0
obtuseness;noun;0-1-0;0-0-0-0
ochre;noun;1-0;1
octave;noun;1-0;0-1
odiousness;noun;1-0-0-1-0-0-0;1-0-0
odium;noun;1-0-1-0-0;1-0
offensiveness;noun;0-1-0-0;0-1-0-0-0
offertory;noun;1-0-0-0;0-1-0-0
officiate;verb;0-1-0-0;0-1-0
ogler;noun;1-0-0;1-0
oleander;noun;0-0-1-0;0-1-0-0
oleaster;noun;0-0-1-0;0-1-0-0
oligarchy;noun;1-0-0-0;0-0-1-0
olio;noun;1-0-0;1-0
ombre;noun;1-0;1
omega;noun;0-1-0;1-0-0
omelet;noun;1-0;1-0-0
ominousness;noun;1-0-0-0;0-1-0-0
omnisciency;noun;0-1-0-0-0;0-1-0-0
oneness;noun;1-0;0-1-0
operator;noun;1-0-0-0;0-0-1-0
opiniator;noun;0-0-0-1-0;0-0-1-0
oppositeness;noun;1-0-0-0;1-0-0-0-0
oppress;verb;0-1;1-0
oppression;noun;0-1-0;1-0-0
optician;noun;0-1-0;1-0-0
oracle;noun;1-0-0;1-0
orangery;noun;0-1-0-0;1-0-0-0
orchestre;noun;1-0-0;1-0
ordain;verb;0-1;1-0
ordainer;noun;0-1-0;1-0-0
ordeal;noun;1-0-1-0-0;1-0
ordonnance;noun;1-0-0;0-1-0
orgasm;noun;1-0;0-1
orient;noun;1-0-0;1-0
orientality;noun;0-0-0-1-0-0;0-0-1-0-0-0
origan;noun;1-0-0;0-0-0
orpiment;noun;1-0-0;0-1-0
oscitancy;noun;1-0-0-0;0-1-0-0
ossicle;noun;1-0-0;1-0
ossifrage;noun;1-0-0;0-1-0
ostent;noun;0-1;1-0
overcomer;noun;0-0-1-0;1-0-0-0
overdo;verb;0-0-1;1-0-0
overlooker;noun;0-0-1-0;1-0-0-0
overmatch;noun;1-0-0;0-0-1
overseer;noun;0-0-1-0;0-0-1
oversight;noun;1-0-0;0-0-1
outcast;noun;1-0;0-1
outgo;verb;0-1;1-0
outside;noun;1-0;0-1
outstrip;verb;0-1;1-0
oxbane;noun;1-0;0-1
oxheal;noun;1-0;0-1
oxlip;noun;1-0;0-1
oxstall;noun;1-0;0-1
pacifier;noun;1-0-0-0;0-1-0-0
packsaddle;noun;1-0-0;1-0
paddler;noun;1-0-0;1-0
painfulness;noun;1-0-0;0-1-0
painstaker;noun;1-0-0;0-1-0
palanquin;noun;0-0-1;0-1-0
paleness;noun;1-0;1-0-0
palfrey;noun;1-1-0;1-0
palliate;verb;1-0-0;1-0
pandect;noun;1-0;0-0
pannier;noun;1-0;0-1
panoply;noun;1-0-0;0-1-0
pantaloon;noun;0-0-1;1-0-0
pantofle;noun;0-1-0;1-0
papa;noun;0-1;0-0
papistry;noun;1-0-0;0-1-0
parable;noun;1-0-0;1-0
parabola;noun;0-1-0-0;1-0-0-0
paragoge;noun;0-0-1-0;0-0-1
parallelism;noun;1-0-0-0;0-0-1-0
parallelopiped;noun;0-0-0-0-1-0;0-0-0-1-0-0
paralogism;noun;0-1-0-0;1-0-0-0
paralogy;noun;0-1-0-0;1-0-0-0
paralysis;noun;0-1-0-0;1-0-0-0
parapegm;noun;1-0-0;0-1-0
paraphernalia;noun;0-0-0-1-0-0;0-0-0-1-0
pardonableness;noun;1-0-0-0-0;1-0-0-0
parhelion;noun;0-1-0-0;0-1-0
parole;noun;0-1;1-0
parotis;noun;0-1-0;1-0-0
parsimoniousness;noun;0-0-1-0-0-0;0-0-1-0-0
parsimony;noun;1-0-0-0;0-1-0-0
parterre;noun;0-1;1-0
partiality;noun;0-0-1-0-0;0-1-0-0
partialize;verb;1-0-0;0-0-1
participle;noun;1-0-0-0;1-0-0
particle;noun;1-0-0;1-0
pasquinade;noun;0-0-1;1-0-0
passiveness;noun;1-0-0;1-0-0-0
patacoon;noun;0-0-1;1-0-0
patefaction;noun;0-0-1-0;0-0-0-0
patrician;noun;0-1-0;1-0-0
pavement;noun;1-0;1-0-0
peaceableness;noun;1-0-0-0;1-0-0
peculator;noun;1-0-0-0;0-0-1-0
peculiarity;noun;0-0-0-1-0-0;0-0-1-0-0
pedals;noun;1-1-0;1-0
pedicle;noun;1-0-0;1-0
peeler;noun;1-0;0-0
pellicle;noun;1-0-0;1-0
penknife;noun;1-0;0-1
pensileness;noun;1-0-0;1-0-0-0
pensiveness;noun;1-0-0;1-0-0-0
percolation;noun;0-0-1-0;0-0-0-0
perempt;verb;0-1;1-0
peremption;noun;0-1-0;1-0-0
peremptoriness;noun;1-0-0-0-0;0-1-0-0-0
perflate;verb;0-1;1-0
perforator;noun;1-0-0-0;0-0-1-0
perform;verb;0-1-1;0-1
pericardium;noun;0-0-1-0-0;0-0-1-0
pericarpium;noun;0-0-1-0-0;0-0-1-0
pericranium;noun;0-0-1-0-0;0-0-1-0
perihelium;noun;0-0-1-0-0;0-0-1-0
periosteum;noun;0-0-1-0;0-1-0-0
perisystole;noun;0-0-1-0-0;0-0-1-0
perjury;noun;1-0-0;0-1-0
perpetuity;noun;0-0-1-0-0;0-1-0-0-0
perspicience;noun;0-1-0-0;0-0-1
persuasibleness;noun;0-1-0-0-0;0-1-0-0
pertinacy;noun;1-0-0-0;0-1-0-0
perverseness;noun;0-1-0;0-1-0-0
peruke;noun;1-0;0-1
pestle;noun;1-0;1
petal;noun;1-1-0;1-0
peter-wort;noun;1-0-0;
petre;noun;1-0;1
pettifogger;noun;1-0-0-0;0-0-1-0
pettishness;noun;1-0-0;0-1-0
phalanx;noun;1-1-0;1-0
pharmacopoeia;noun;0-0-0-1-0;0-0-0-0-1-0
philosophy;noun;0-1-0-0;1-0-0-0
phlogiston;noun;0-1-0-1-0;0-1-0
phytology;noun;0-1-0-0;1-0-0-0
pia-mater;noun;0-0-1-0;
piaster;noun;0-1-0;1-0-0
pickeer;verb;0-1;1-0
pickleherring;noun;0-0-1-0;1-0-0-0
piddler;noun;1-0-0;1-0
piedness;noun;1-0;0-1-0
piercer;noun;1-1-0;1-0
piercingness;noun;1-0-1-0-0;1-0-0
pikeman;noun;1-0;1-0-0
pikestaff;noun;1-0;1-0-0
pimple;noun;1-0;1
pineapple;noun;1-0-0;1-0
pinnacle;noun;1-0-0;1-0
pioneer;noun;0-0-1;0-1-0
pistillation;noun;0-0-1-0;0-1-0-0
pistolet;noun;0-0-1;1-0-0
pitapat;noun;1-0-0;0-0-0
piteousness;noun;1-0-0-0;1-0-0
plagiarism;noun;1-0-0;1-0-0-0
plagiary;noun;1-0-0;1-0-0-0
plane-tree;noun;1-0;
plausibleness;noun;1-0-0-0;1-0-0
plenipotence;noun;0-1-0-0;1-0-0-0
plenteousness;noun;1-0-0-0;1-0-0
pliableness;noun;1-0-0-0;1-0-0
ploughland;noun;1-0;0-1
ploughshare;noun;1-0;0-1
plumcake;noun;0-1;1-0
plumporridge;noun;0-1-0;1-0-0
plumpudding;noun;0-1-0;1-0-0
poetaster;noun;1-0-0-0;0-1-0-0
polecat;noun;1-0;1-0-0
polestar;noun;1-0;1-0-0
police;noun;0-1;1-0
politeness;noun;0-1-0;0-1-0-0
pollevil;noun;0-1-0;1-0-0
pollute;verb;0-1;1-0
poltron;noun;0-1;1-0
polysyllable;noun;1-0-0-0-0;0-0-1-0
polytheism;noun;1-0-0-0;0-1-0-0
polytheist;noun;1-0-0-0;0-1-0-0
pomade;noun;0-1;1-0
pomander;noun;0-1-0;1-0-0
pomegranate;noun;0-1-0;0-0-1-0
poorjohn;noun;0-1;0-0
popedom;noun;1-0;1-0-0
popinjay;noun;1-0-0;0-1-0
porridgepot;noun;1-0-0;1-0-0-0
portass;noun;1-0;0-1
portray;verb;0-1;1-0
positiveness;noun;1-0-0-0;1-0-0-0-0
posse;noun;1-0;1
postiller;noun;1-0-0;0-1-0
postmaster;noun;1-0-0;0-1-0
postoffice;noun;0-1-0;1-0-0
posturemaster;noun;1-0-0-0;0-0-0-1-0
potbelly;noun;1-0-0;0-1-0
potcompanion;noun;1-0-1-0;0-0-1-0
pottern-ore;noun;1-0-0;
pottle;noun;1-0;1
powder-room;noun;1-0-0;
powder-chests;noun;1-0-0;
preamble;noun;1-0-0;1-0
precariousness;noun;0-1-0-0-0;0-1-0-0
precinct;noun;0-1;1-0
precisian;noun;0-1-0-0;0-1-0
predestinarian;noun;0-0-0-1-0-0;0-0-0-1-0
predestinator;noun;0-1-0-0-0;0-0-0-1-0
prefix;noun;1-0;0-1
prelatureship;noun;1-0-0-0;1-0-0-0-0
premium;noun;1-0-0;1-0
premunire;noun;1-0-0-0;0-0-1
prenticeship;noun;1-0-0;1-0-0-0
preominate;verb;0-1-0-0;1-0-0-0-0
preopinion;noun;0-0-1-0;1-0-0-0
preordain;verb;0-0-1;0-1-0
prepotency;noun;0-1-0-0;1-0-0-0
prepuce;noun;1-0;0-1
prerequire;verb;0-0-1;1-0-0
presagement;noun;0-1-0;0-1-0-0
preseance;noun;0-1-0;1-0-0
presence-room;noun;1-0-0;
presentee;noun;0-0-1;1-0-0
presidency;noun;1-0-0-0;0-1-0-0
prevaricator;noun;0-1-0-0-0;0-0-0-1-0
prickle;noun;1-0;1
primateship;noun;1-0-0;1-0-0-0
primitiveness;noun;1-0-0-0;1-0-0-0-0
princedom;noun;1-0;1-0-0
princeliness;noun;1-0-0;1-0-0-0
priority;noun;0-1-0-0;1-0-0-0
prismoid;noun;1-0;0-1-0
privacy;noun;1-0-1-0-0;1-0-0
privateness;noun;1-0-0;1-0-0-0
privativeness;noun;1-0-0-0;1-0-0-0-0
prizefighter;noun;1-0-0;1-0-0-0
procinct;noun;0-1;1-0
procrastinator;noun;0-1-0-0-0;0-0-0-1-0
procreator;noun;1-0-0-0;0-0-1-0
procurement;noun;0-1-0;0-1-0-0
profaneness;noun;0-1-0;0-1-0-0
profile;noun;1-0-1;0-1
profligateness;noun;1-0-0-0;1-0-0-0-0
profuseness;noun;0-1-0;0-1-0-0
prognosticator;noun;0-1-0-0-0;0-0-0-1-0
progressiveness;noun;0-1-0-0;0-1-0-0-0
promove;verb;0-1;1-0
proneness;noun;1-0;1-0-0
pronoun;noun;1-0;0-1
propagator;noun;1-0-0-0;0-0-1-0
propitiate;verb;0-1-0-0;0-1-0
propitiator;noun;0-1-0-0-0;0-0-0-1-0
proplasm;noun;1-0;0-1
prosecutor;noun;1-0-0-0;0-0-1-0
prosodian;noun;0-1-0-0;0-1-0
prospicience;noun;0-1-0-0;0-1-0
provedore;noun;0-0-1;1-0-0
provinciate;verb;0-1-0-0;0-1-0
provost;noun;0-1;1-0
prowess;noun;1-1-0;1-0
pruriency;noun;1-0-0-0;1-0-0
pseudography;noun;0-1-0-0;1-0-0-0
pseudology;noun;0-1-0-0;1-0-0-0
ptisan;noun;0-1;1-0
puberty;noun;1-0-0;0-1-0
pucelage;noun;1-0-0;0-1-0
puissance;noun;1-0-0-1-0;0-1-0
pulverulence;noun;0-1-0-0;1-0-0-0
pumice;noun;1-1-0;1-0
purblindness;noun;1-0-0;0-1-0
pureness;noun;1-0;1-0-0
pursenet;noun;1-0;1-0-0
puzzler;noun;1-0-0;1-0
pyrites;noun;0-1-1-0-0;0-1-0
pyrotechny;noun;1-0-0-0;0-0-1-0
quadrangle;noun;1-0-0;1-0
quadrature;noun;1-0-0;0-1-0
quadrille;noun;0-1;1-0
quadrireme;noun;1-0-0;0-0-1
quaking-grass;noun;1-0-0;
quarantine;noun;0-0-1;1-0-0
querimoniousness;noun;0-0-1-0-0-0;0-0-1-0-0
questionableness;noun;1-0-0-0-0;0-0-0-0
quibbler;noun;1-0-0;1-0
quiescence;noun;0-1-0;1-0-0
rabble;noun;1-0;1
racehorse;noun;1-0;1-0-0
rackoon;noun;0-1;1-0
rack-rent;noun;1-0;
rack-renter;noun;1-0-0;
radiancy;noun;1-0-0-1-0-0-0;1-0-0
radiation;noun;0-0-1-0-0-1-0;0-0-1-0
radicality;noun;0-0-1-0-0;1-0-0-0-0
radius;noun;1-0-1-0-0;1-0
rakehell;noun;1-0;1-0-0
rambler;noun;1-0-0;1-0
rambooze;noun;0-1;1-0-0
rapier;noun;1-0-0;1-0
rapport;noun;0-1;1-0
rareness;noun;1-0;1-0-0
ratio;noun;1-0-0;1-0
rationality;noun;0-0-0-1-0-0;0-0-1-0-0
rationalness;noun;1-0-0-0;0-1-0-0
ratteen;noun;0-1;1-0
rattoon;noun;0-1;1-0
ravelin;noun;1-0;1-0-0
ravenousness;noun;1-0-0-0;1-0-0
reascend;verb;0-0-1;0-0-0
reasonableness;noun;1-0-0-0-0;1-0-0-0
reassemble;verb;0-0-1-0;0-0-1
rebaptize;verb;0-0-1;0-1-0
receptacle;noun;1-0-0-0-1-0-0;0-1-0
recipe;noun;1-0-0;1-0
recipient;noun;0-1-0-0;0-1-0
recognise;verb;1-0-0;0-0-1
recognisor;noun;0-0-0-1;0-0-1-0
reconcileableness;noun;0-0-1-0-0-0;0-0-1-0-0
reconcilement;noun;1-0-0-0;0-0-1-0-0
reconciler;noun;1-0-0-0;0-0-1-0
record;noun;1-0-1;1-0
recreativeness;noun;1-0-0-0-0;0-0-1-0-0
recriminator;noun;0-1-0-0-0;0-0-0-1-0
rectangle;noun;1-0-0;0-1
recusant;noun;0-1-1-0-0;0-1-0
reddle;noun;1-0;1
redeemableness;noun;0-1-0-0-0;0-1-0-0
redouble;verb;0-1-0;0-1
reducement;noun;0-1-0;0-1-0-0
refectory;noun;0-1-0-1-0-0-0;0-1-0-0
refinement;noun;0-1-0;0-1-0-0
reflux;noun;1-0;0-1
refrigeration;noun;0-0-0-1-0;0-1-0-1-0
regalement;noun;0-1-0;0-1-0-0
regalia;noun;0-1-0-0;0-1-0
regenerateness;noun;0-1-0-0-0;0-1-0-0-0-0
regulator;noun;1-0-0-0;0-0-1-0
reinsert;verb;0-0-1;0-0-0
rekindle;verb;0-1-0;0-1
relativeness;noun;1-0-0-0;1-0-0-0-0
remanent;noun;1-0-0;0-1-0
remarkableness;noun;0-1-0-0-0;0-1-0-0
remedilessness;noun;1-0-0-0-0;0-1-0-0-0
remora;noun;1-0-0;0-1-0
remorse;noun;0-1-1;0-1
remoteness;noun;0-1-0;0-1-0-0
renard;noun;1-0;0-1
renitency;noun;0-1-0-0;1-0-0-0
repeople;verb;0-1-0;0-1
repertory;noun;1-0-0-0;0-1-0-0
reprobateness;noun;1-0-0-0;1-0-0-0-0
repudiate;verb;0-1-0-0-1-0-0;0-1-0-0
require;verb;0-1;0-1-0
rereward;noun;1-0;1-0-0
resale;noun;1-0;0-1
resemble;verb;0-1-0;0-1
reservedness;noun;0-1-0;0-1-0-0
resettle;verb;0-1-0;0-1
resiliency;noun;0-1-0-0-0;0-1-0-0
resound;verb;1-0;0-1
restifness;noun;1-0-0;0-1-0
retaliate;verb;0-1-0-0;0-1-0
retentiveness;noun;0-1-0-0;0-1-0-0-0
reticle;noun;1-0-0;1-0
retinue;noun;1-0-0-1-0;1-0-0
retiredness;noun;0-1-0;0-1-0-0
retirement;noun;0-1-0;0-1-0-0
retribute;verb;0-1-0;1-0-0
revel-rout;noun;1-0-0;
revengement;noun;0-1-0;0-1-0-0
revenue;noun;1-0-0-1-0;1-0-0
revestiary;noun;0-1-0-0-0;0-1-0-0
revictual;verb;0-1-0;0-1
revokement;noun;0-1-0;0-1-0-0
rhomboid;noun;1-0;1-0-0
rifeness;noun;1-0;1-0-0
rifle;verb;1-0;1
rifler;noun;1-0-0;1-0
righteousness;noun;1-0-0-0;1-0-0
rimple;verb;1-0;1
ring-bone;noun;1-0;
ringleader;noun;1-0-0;0-1-0
ripeness;noun;1-0;1-0-0
river-dragon;noun;1-0-1-0;
river-horse;noun;1-0-0;
rixdollar;noun;1-0-0;0-1-0
robin-red-breast;noun;0-0-1-0;
roche-alum;noun;0-1-0;
rock-doe;noun;1-0;
rock-ruby;noun;1-0-0;
rock-salt;noun;1-0;
roguery;noun;1-0-0;1-0
rondeau;noun;0-1;1-0
rookery;noun;1-0-0;1-0
ropedancer;noun;1-0-0;1-0-0-0
ropemaker;noun;1-0-0;1-0-0-0
ropetrick;noun;1-0;1-0-0
roquelaure;noun;0-0-1;1-0-0
rose-noble;noun;1-0-0;
rubble-stone;noun;1-0-0;
ruddle;noun;1-0;1
rudeness;noun;1-0;1-0-0
rudesby;noun;1-0;1-0-0
ruffian;noun;1-0;1-0-0
rumbler;noun;1-0-0;1-0
rundle;noun;1-0;1
rupturewort;noun;1-0-0;1-0-0-0
rusticity;noun;0-1-0-0;1-0-0-0
sable;noun;1-0;1
sabre;noun;1-0;1
sackposset;noun;0-1-0;1-0-0
safeconduct;noun;0-1-0;1-0-0-0
safeness;noun;1-0;1-0-0
safety;noun;1-0;1-0-0
sageness;noun;1-0;1-0-0
sagittary;noun;1-0-0-0;0-1-0-0
sailyard;noun;1-0;0-1
salamander;noun;1-0-0-0;0-0-1-0
saleableness;noun;1-0-0-0;1-0-0
salesman;noun;1-0;1-0-0
salework;noun;1-0;1-0-0
salliance;noun;1-0-0;1-0
salmagundi;noun;0-0-1-0;1-0-0-0
salmontrout;noun;0-0-1;1-0-0
salt-pit;noun;1-0;
saltcellar;noun;1-0-0;0-1-0
saltpetre;noun;0-1-0;1-0
sameness;noun;1-0;1-0-0
sample;noun;1-0;1
sampler;noun;1-0-0;1-0
sanativeness;noun;1-0-0-0;1-0-0-0-0
sandbox-tree;noun;1-0-0;
sanguification;noun;0-0-0-1-0;0-1-0-0-0
sanguinity;noun;0-1-0-0;1-0-0-0
sanicle;noun;1-0-0;1-0
sanies;noun;1-0-0;1-0
sapience;noun;1-0-0;1-0
sarcenet;noun;1-0;1-0-0
sarcocele;noun;1-0-0;0-0-1
sardius;noun;1-0-1-0-0;1-0-0
satan;noun;1-1-0;1-0
satellite;noun;1-0-0;0-1-0
satiate;verb;1-0-0;1-0
satire;noun;1-1-1-1-0;1-0
saturn;noun;1-1-0;1-0
satyr;noun;1-1-0;1-0
savageness;noun;1-0-0;1-0-0-0
savanna;noun;0-1-0;1-0-0
saviour;noun;1-0;1-0-0
sausage;noun;1-1-0;1-0
saw-wort;noun;1-0;
saw-wrest;noun;1-0;
scaldhead;noun;0-1;1-0
scarecrow;noun;1-0;1-0-0
scarletoak;noun;0-0-1;1-0-0
sceptre;noun;1-0;1
schedule;noun;1-1-0;0-0
scholiast;noun;1-0-0;1-0
schoolmaster;noun;1-0-0;0-1-0
scion;noun;1-0;0-0
scirrhosity;noun;0-1-0-0;1-1-0-0
scordium;noun;1-0-1-0-0;1-0
scrambler;noun;1-0-0;1-0
scribbler;noun;1-0-0;1-0
scrivener;noun;1-0;1-0-0
scrupler;noun;1-0-0;1-0
scuddle;verb;1-0;1
seaboat;noun;1-0;0-1
seabreach;noun;1-0;0-1
seabreeze;noun;1-0;0-1
seaholly;noun;0-1-0;1-0-0
seacalf;noun;0-1;1-0
seachart;noun;0-1;1-0
seacoal;noun;1-0;0-1
seacoast;noun;0-1;1-0
seacompass;noun;0-1-0;1-0-0
seacow;noun;0-1;1-0
seafight;noun;0-1;1-0
seagull;noun;0-1;1-0
seahorse;noun;0-1;1-0
seamark;noun;1-0;0-1
seamonster;noun;0-1-0;1-0-0
seanymph;noun;0-1;1-0
searover;noun;1-0-0;0-1-0
seashore;noun;0-1;1-0
seaside;noun;0-1;1-0
seasurgeon;noun;1-0-0;0-1-0
seaterm;noun;1-0;0-1
seawater;noun;1-0-0;0-1-0
seasonableness;noun;1-0-0-0-0;1-0-0-0
securement;noun;0-1-0;0-1-0-0
sedateness;noun;0-1-0;0-1-0-0
seducement;noun;0-1-0;0-1-0-0
seedpearl;noun;0-1;1-0
seer;noun;0;1
seignior;noun;1-0;1-0-0
seigniory;noun;1-0-0;1-0-0-0
selenography;noun;0-0-1-0-0;0-1-0-0-0
semicircle;noun;1-0-0-0;0-0-1
semiquaver;noun;1-0-0-0;0-0-1-0
sempstress;noun;1-0;0-0
seniority;noun;0-0-1-0-0;0-1-0-0
senselessness;noun;1-0-0;1-0-0-0
separateness;noun;1-0-0-0;1-0-0-0-0
separator;noun;1-0-0-0;0-0-1-0
sequester;verb;0-1-0;1-0-0
sereneness;noun;0-1-0;0-1-0-0
series;noun;1-0-0;1-0
serpigo;noun;0-1-0-1-0;0-1-0
serviceableness;noun;1-0-0-0-0;1-0-0-0
sevennight;noun;1-0;1-0-0
sewer;noun;0;1-0
shackle;verb;1-0;1
shagreen;noun;0-1;1-0
shalloon;noun;0-1;1-0
shamefacedness;noun;1-0-0;0-1-0-0
shearer;noun;1-0;0-0
sheepfold;noun;1-0;0-1
sheepshearing;noun;1-0-0;0-1-0
sheepwalk;noun;1-0;0-1
shingle;noun;1-0;1
shittlecock;noun;1-0-0;1-0
shoeing-horn;noun;1-0-0;
shoemaker;noun;1-0-0;0-1-0
shopboard;noun;1-0;0-1
shopkeeper;noun;1-0-0;0-1-0
shortribs;noun;0-1;1-0
shrovetuesday;noun;0-1-0;1-0-0
shuffle;verb;1-0;1
shuffler;noun;1-0-0;1-0
shuttle;noun;1-0;1
sickle;noun;1-0;1
sidebox;noun;1-0;1-0-0
sidefly;noun;1-0;1-0-0
sidesman;noun;1-0;1-0-0
silkmercer;noun;1-0-0;0-1-0
silkweaver;noun;1-0-0;0-1-0
simile;noun;1-0-0;1-0
simpler;noun;1-0-0;1-0
skean;noun;0;1-0
skewer;noun;0;1-0
slopeness;noun;1-0;1-0-0
slubberdegullion;noun;0-0-0-1-0;1-0-0-0-0
smuggle;verb;1-0;1
smuggler;noun;1-0-0;1-0
snuggle;verb;1-0;1
soapboiler;noun;1-0-0;0-1-0
sociableness;noun;1-0-0-0-0;1-0-0
socle;noun;1-0;1
solicit;verb;0-1-0;1-0-0
solund-goose;noun;0-0-1;
somewhile;noun;1-0;1-0-0
sonorousness;noun;0-1-0-0;1-0-0-0
sophisticator;noun;0-1-0-0-0;0-0-0-1-0
sordine;noun;0-1;1-0
soreness;noun;1-0;1-0-0
sovereignty;noun;1-0-0-0;1-0-0
souterrain;noun;0-0-1;1-0-0
sowthistle;noun;1-0-0;1-0
spaddle;noun;1-0;1
sparerib;noun;1-0;1-0-0
speckle;verb;1-0;1
spectre;noun;1-0;1
speculator;noun;1-0-0-0;0-0-1-0
spermaceti;noun;0-0-1-0;1-0-0-0
sphericity;noun;0-1-0-0;1-0-0-0
spikenard;noun;1-0;1-0-0
spindletree;noun;1-0-0;1-0
spinet;noun;1-0;0-1
spiracle;noun;1-0-0;1-0
spirtle;verb;1-0;1
spitefulness;noun;1-0-0;1-0-0-0
spittle;noun;1-0;1
spittle;noun;1-0;1
spokesman;noun;1-0;1-0-0
spoliate;verb;1-0-0;1-0
spontaneity;noun;0-0-1-0-0;0-1-0-0-0
spontaneousness;noun;0-1-0-0-0;0-1-0-0
sportiveness;noun;1-0-0;1-0-0-0
springiness;noun;1-0-1-0-0;1-1-0
springle;noun;1-0;1
sprucebeer;noun;0-1;1-0
spruceness;noun;1-0;1-0-0
spunging-house;noun;1-0-0;
spurn;verb;0;1
squabbler;noun;1-0-0;1-0
stagecoach;noun;0-1;1-0
staleness;noun;1-0;1-0-0
staple;noun;1-0;1
staple;noun;1-0;1
startle;verb;1-0;1
stateliness;noun;1-0-0;1-0-0-0
statesman;noun;1-0;1-0-0
stateswoman;noun;1-0-0;1-0-0-0
staves;noun;0;0-0
stayedness;noun;1-0;1-0-0
steeple;noun;1-0;1
stickler;noun;1-0-0;1-0
stifle;verb;1-0;0
stiletto;noun;0-1-0;1-0-0
stipendiary;noun;0-1-0-0-0;1-0-0-0
stonechatter;noun;1-0-0;1-0-0-0
stonecrop;noun;1-0;1-0-0
stonecutter;noun;1-0-0;1-0-0-0
stonehawk;noun;1-0;1-0-0
stonehorse;noun;1-0;1-0-0
stonepit;noun;1-0;1-0-0
stonepitch;noun;1-0;1-0-0
stoneplover;noun;1-0-0;1-0-0-0
stonework;noun;1-0;1-0-0
storehouse;noun;1-0;1-0-0
straggler;noun;1-0-0;1-0
strangeness;noun;1-0;1-0-0
strangle;verb;1-0;1
strangler;noun;1-0-0;1-0
stubble;noun;1-0;1
studiousness;noun;1-0-0-1-0-0-0;1-0-0-0
stumbler;noun;1-0-0;1-0
subbeadle;noun;0-1-0;0-1
subdivide;verb;0-0-1;1-0-0
submissiveness;noun;0-1-0-0;0-1-0-0-0
substantiate;verb;0-1-0-0;0-1-0
subtend;verb;0-1;1-0
subtileness;noun;1-0-0;1-0-0-0
subtiliate;verb;0-1-0;0-1-0-0
subtiliation;noun;0-0-1-0;0-0-0-1-0
subtract;verb;0-1;1-0
subvert;verb;0-1;1-0
succedaneum;noun;0-0-1-0-0;0-0-1-0
successiveness;noun;0-1-0-0;0-1-0-0-0
successor;noun;1-0-0-1-0;1-0-0
suckingbottle;noun;1-0-0-0;1-0-0
suckle;verb;1-0;1
suffice;verb;0-1;1-0
suitableness;noun;1-0-0-0;1-0-0
sunrising;noun;1-0-0;0-1-0
superlativeness;noun;0-1-0-0-0;0-0-0-0-0
supine;noun;1-0;0-1
supineness;noun;0-1-0;0-1-0-0
supportableness;noun;0-1-0-0-0;0-1-0-0
suraddition;noun;0-0-1-0;1-0-0-0
surcingle;noun;1-0-0;0-1
surcle;noun;1-0;1
sureness;noun;1-0;1-0-0
suretiship;noun;1-0-0;1-0-0-0
surety;noun;1-0;1-0-0
surplusage;noun;1-0-0;0-1-0
swaddle;verb;1-0;1
sweetener;noun;1-0-0;1-0
sweetwilliam;noun;0-1-0;1-0-0
sweetwillow;noun;0-1-0;1-0-0
swineherd;noun;1-0;1-0-0
swinepipe;noun;1-0;1-0-0
swingebuckler;noun;0-1-0;1-0-0-0
symbolize;verb;1-0-0;0-0-1
syncope;noun;1-0-0;1-0
syndrome;noun;1-0-0;1-0
synecdoche;noun;0-1-0-0;0-1-0
synthesis;noun;1-0-0;0-1-0
syringotomy;noun;0-0-1-0-0;1-0-0-0-0
systole;noun;1-0-0;1-0
tabernacle;noun;1-0-0-0;1-0-0
tabler;noun;1-0-0;1-0
tabourine;noun;0-0-1;1-0-0
tackle;noun;1-0;1
talebearer;noun;1-0-0;0-1-0
talebearing;noun;1-0-0;0-1-0
talkativeness;noun;1-0-0-0;1-0-0-0-0
tameness;noun;1-0;1-0-0
tangle;verb;1-0;1
tapestry;noun;1-1-0-0;1-0-0
tastelessness;noun;1-0-0;1-0-0-0
tattler;noun;1-0-0;1-0
teachableness;noun;1-0-0-0;1-0-0
tediousness;noun;1-0-0-1-0-0-0;1-0-0
temperateness;noun;1-0-0-0;1-0-0-0-0
temple;noun;1-0;1
temporizer;noun;1-0-0-0;0-0-1-0
tenseness;noun;1-0;1-0-0
ternion;noun;1-0-0;1-0
testicle;noun;1-0-0;1-0
tetrarch;noun;1-1-0;1-0
thankoffering;noun;1-0-0-0;0-1-0-0
thanksgiving;noun;1-0-0;0-1-0
themselves;noun;0-1;0-1-0
theologue;noun;1-0-0;0-1-0
theology;noun;0-1-0-0;1-0-0-0
theomachy;noun;0-1-0-0;1-0-0-0
thievery;noun;1-0-0;1-0
thimble;noun;1-0;1
thistle;noun;1-0;1
thornapple;noun;1-0-0;1-0
thornback;noun;1-0;0-1
thrapple;noun;1-0;1
thrashing-floor;noun;1-0-0;
threatener;noun;1-0-0;1-0
throstle;noun;1-0;1
tiara;noun;0-1-0;1-0-0
tickle;verb;1-0;1
tidegate;noun;1-0;1-0-0
tidesman;noun;1-0;1-0-0
tippler;noun;1-0-0;1-0
tiredness;noun;1-0;1-0-0
tiresomeness;noun;1-0-0;1-0-0-0-0
tirewoman;noun;1-0-0;1-0-0-0
titbit;noun;1-0;0-1
tittle;noun;1-0;1
tollgatherer;noun;1-0-0-0;0-1-0-0
topsail;noun;1-0;0-1
tormentil;noun;0-1-0;1-0-0
touch-hole;noun;1-0;
touchmenot;noun;1-0-0;0-0-0
townhouse;noun;1-0;0-1
trade-wind;noun;1-0;
tradesfolk;noun;1-0;1-0-0
tradesman;noun;1-0;1-0-0
traducement;noun;0-1-0;0-1-0-0
trainbands;noun;1-0;0-1
trainoil;noun;1-0;0-1
trample;verb;1-0;1
trampler;noun;1-0-0;1-0
transientness;noun;1-0-0-0;1-0-0
transition;noun;0-1-0-1-0;0-1-0
transubstantiate;verb;0-0-1-0-0;0-0-1-0
trapes;noun;0;0-0
treacle;noun;1-0;1
trendle;noun;1-0;1
trestle;noun;1-0;1
triangle;noun;1-0-0;0-1
trifler;noun;1-0-0;1-0
tripod;noun;1-1-0;1-0
trireme;noun;1-0;0-1
trisulc;noun;1-0;0-1
triteness;noun;1-0;1-0-0
triumpher;noun;1-0-0;0-1-0
troubler;noun;1-0-0;1-0
troublesomeness;noun;1-0-0-0;1-0-0
truepenny;noun;1-0-0;0-1-0
truffle;noun;1-0;1
trundle;verb;1-0;1
trunk-hose;noun;1-0;
tubercle;noun;1-0-0;1-0
tuberose;noun;1-0;1-0-0
tumbler;noun;1-0-0;1-0
tunicle;noun;1-0-0;1-0
turkscap;noun;0-1;1-0
turnpike;noun;1-0;0-1
turtle;noun;1-0;1
tweedle;verb;1-0;1
twelvepence;noun;1-0;1-0-0
twelvescore;noun;1-0;1-0-0
twidle;verb;1-0;1
tyrannicide;noun;0-1-0-0;1-0-0-0
umbrageousness;noun;0-1-0-0-0;0-1-0-0
unacceptableness;noun;0-1-0-0-0-0;0-0-1-0-0
unaccessibleness;noun;0-0-1-0-0-0;0-0-1-0-0
unattainableness;noun;0-0-1-0-0-0;0-0-1-0-0
unbuckle;verb;0-1-0;0-1
unchangeableness;noun;0-1-0-0-0;0-1-0-0
uncharitableness;noun;0-1-0-0-0-0;0-1-0-0-0
uncle;noun;1-0;1
uncomeliness;noun;0-1-0-0;0-1-0-0-0
uncomfortableness;noun;0-1-0-0-0-0;0-1-0-0-0
unconceivableness;noun;0-0-1-0-0-0;0-0-1-0-0
unconcernedness;noun;0-0-1-0;0-0-1-0-0
uncouple;verb;0-1-0;0-1
uncreate;verb;0-0-1;0-0-1-0
underclerk;noun;1-0-0;0-0-1
underfellow;noun;1-0-0-0;0-0-1-0
underpin;verb;0-0-1;1-0-0
underrate;noun;1-0-0;0-0-1
undersetter;noun;0-0-1-0;0-0-0-0
undersong;noun;1-0-0;0-0-1
understrapper;noun;1-0-0-0;0-0-1-0
underwork;verb;0-0-1;1-0-0
unfashionableness;noun;0-1-0-0-0-0;0-1-0-0-0
ungentleness;noun;0-1-0-0;0-1-0
ungratefulness;noun;0-1-0-0;0-1-0-0-0
uninhabitableness;noun;0-0-1-0-0-0-0;0-0-1-0-0-0
union;noun;1-0-0;1-0
unjustifiableness;noun;0-1-0-0-0-0-0;0-1-0-0-0-0
unlikeliness;noun;0-1-0-0;0-1-0-0-0
unlikeness;noun;0-1-0;0-1-0-0
unloveliness;noun;0-1-0-0;0-1-0-0-0
unmingle;verb;0-1-0;0-1
unmuffle;verb;0-1-0;0-1
unmuzzle;verb;0-1-0;0-1
unparliamentariness;noun;0-0-0-1-0-0-0;0-1-0-0-0-0-0
unpeople;verb;0-1-0;0-1
unprofitableness;noun;0-1-0-0-0-0;0-1-0-0-0
unquenchableness;noun;0-1-0-0-0;0-1-0-0
unreasonableness;noun;0-1-0-0-0-0;0-1-0-0-0
unriddle;verb;0-1-0;0-1
unrighteousness;noun;0-1-0-0-0;0-1-0-0
unripeness;noun;0-1-0;0-1-0-0
unruffle;verb;0-1-0;0-1
unsatisfiedness;noun;0-1-0-0-0;0-1-0-0-0-0
unsearchableness;noun;0-1-0-0-0;0-1-0-0
unseasonableness;noun;0-1-0-0-0-0;0-1-0-0-0
unsettle;verb;0-1-0;0-1
unsuitableness;noun;0-1-0-0-0;0-1-0-0
untangle;verb;0-1-0;0-1
untractableness;noun;0-1-0-0-0;0-1-0-0
unusualness;noun;0-1-0-0-0;0-1-0-0
uproot;verb;0-1;1-0
usefulness;noun;1-0-0;1-0-0-0
uselessness;noun;1-0-0;1-0-0-0
usualness;noun;1-0-0-0;1-0-0
utensil;noun;0-1-0;1-0-0
vacillancy;noun;1-0-0-0;0-1-0-0
vagary;noun;0-1-0;1-0-0
valerian;noun;0-1-0-0;0-1-0
valet;noun;1-0-1;1-0
valve;noun;0;1
vancourier;noun;0-0-1;1-0-0-0
vanguard;noun;0-1;1-0
variableness;noun;1-0-0-0-0;1-0-0-0
vase;noun;0;1
vegetativeness;noun;1-0-0-0-0;1-0-0-0-0-0
vehicle;noun;1-0-0;1-0
velure;noun;0-1;1-0
venerator;noun;1-0-0-0;0-0-1-0
venialness;noun;1-0-0-0;1-0-0
venison;noun;1-1-0-0;1-0-0
ventilator;noun;1-0-0-0;0-0-1-0
ventricle;noun;1-0-0;1-0
verseman;noun;1-0;1-0-0
vertebre;noun;1-0-0;1-0
vertigo;noun;0-1-0-1-1-0-0;1-0-0
vesicle;noun;1-0-0;1-0
viceadmiral;noun;0-1-0-0;1-0-0-0
viceadmiralty;noun;0-1-0-0-0;1-0-0-0-0
vicegerent;noun;0-1-0;0-0-1-0
vicegerency;noun;0-1-0-0;0-0-1-0-0
vicechancellor;noun;0-1-0-0;0-0-1-0-0
viceroyalty;noun;0-1-0-0;1-0-0-0
vicinity;noun;0-1-0-0-1-0-0;0-1-0-0
vicissitude;noun;0-1-0-0-1-0-0;0-1-0-0
victoriousness;noun;0-1-0-0-0;0-1-0-0
vileness;noun;1-0;1-0-0
vindicator;noun;1-0-0-0;0-0-1-0
violator;noun;1-0-0-0;0-0-1-0
violin;noun;0-0-1;1-0-0
virago;noun;0-1-0-1-0;0-1-0
virge;noun;0;1
virility;noun;0-1-0-0-1-0-0;0-1-0-0
vituperate;verb;0-1-0-0-1-0-0;0-1-0-0
vituperation;noun;0-0-0-1-0-0-0-1-0;0-0-0-1-0
vivacity;noun;0-1-0-0-1-0-0;0-1-0-0
wallcreeper;noun;1-0-0;0-1-0
wallrue;noun;1-0;0-1
warble;verb;1-0;1
warbler;noun;1-0-0;1-0
warrantableness;noun;1-0-0-0-0;1-0-0-0
wastefulness;noun;1-0-0;1-0-0-0
watergruel;noun;1-0-0-0;0-0-1-0
waterrocket;noun;1-0-0-0;0-0-1-0
watersapphire;noun;1-0-0-0;0-0-1-0
wattle;verb;1-0;1
weakside;noun;0-1;1-0
weathergage;noun;1-0-0;0-0-1
weatherspy;noun;1-0-0;0-0-1
welcomeness;noun;1-0-0;1-0-0-0
wharf;noun;0;1
whereness;noun;1-0;1-0-0
whiffler;noun;1-0-0;1-0
whistle;noun;1-0;1
whistler;noun;1-0-0;1-0
whiteness;noun;1-0;1-0-0
whitewine;noun;1-0;1-0-0
whittle;noun;1-0;1
wholesale;noun;1-0;1-0-0
wholesomeness;noun;1-0-0;1-0-0-0-0
whoredom;noun;1-0;1-0-0
whoremonger;noun;1-0-0;0-0-1-0
whoreson;noun;1-0;1-0-0
whynot;noun;1-0;0-1
wideness;noun;1-0;1-0-0
widowhunter;noun;1-0-0-0;0-0-1-0
widowmaker;noun;1-0-0-0;0-0-1-0
wimple;noun;1-0;1
windpipe;noun;1-1-0;1-0
wire;noun;1-0;0
withdrawing-room;noun;0-1-0-0;
withe;noun;0;1
witheredness;noun;1-0-0;1-0-0-0
witsnapper;noun;1-0-0;0-1-0
wives;noun;0;0-0
womanhater;noun;1-0-0-0;0-0-1-0
womankind;noun;1-0-0;0-0-1
womb;noun;0;1
woodnymph;noun;1-0;0-1
woodoffering;noun;1-0-0-0;0-1-0-0
woodpigeon;noun;1-0-0;0-1-0
woodroof;noun;1-0;0-1
wrangler;noun;1-0-0;1-0
wriggle;verb;1-0;1
wrinkle;noun;1-0;1
writingmaster;noun;1-0-1-0;1-0-0-0
wrongdoer;noun;1-0-0;0-1-0
yokemate;noun;1-0;1-0-0
zealot;noun;1-1-0;1-0
zealousness;noun;1-0-1-0-0;1-0-0
zechin;noun;0-1;1-0
zoophyte;noun;1-0-0;0-1-0
